{
  "ode": {
    "attack_rate": 0.9999956656219582,
    "peak_prev": 0.2537596927702697,
    "peak_day": 19.8,
    "R0": 15.0,
    "beta": 3.0,
    "sigma": 0.125,
    "gamma": 0.2
  },
  "ca_headline": {
    "tau": 0.3,
    "R0_proxy": 11.999999999999998,
    "attack_rate": 0.999825,
    "peak_prev": 0.01545,
    "peak_day": 494,
    "duration": 738
  },
  "koch": {
    "D_similarity_exact": 1.2618595071429148,
    "D_boxcount": 1.2896905564588537
  },
  "front_dimension": {
    "mean": 1.1063328192827007,
    "min": 0.43080496301788296,
    "max": 1.400084331000557
  },
  "phase": {
    "tau": [
      0.03,
      0.05,
      0.06,
      0.07,
      0.08,
      0.1,
      0.12,
      0.15,
      0.2,
      0.3,
      0.5,
      0.7
    ],
    "attack_mean": [
      0.0003022222222222222,
      0.0005066666666666668,
      0.005937777777777778,
      0.06888888888888889,
      0.3899466666666667,
      0.737751111111111,
      0.7784355555555555,
      0.7922488888888889,
      0.9979288888888889,
      0.9997244444444444,
      0.999991111111111,
      1.0
    ],
    "cluster_dim": [
      null,
      null,
      1.3404625209139884,
      1.5150395868967916,
      1.7630296900623175,
      1.8902400053978743,
      1.9006826681813427,
      1.903562082816903,
      1.9047758955453595,
      1.9050537686603968,
      1.9050949959097196,
      1.9050963699355303
    ]
  }
}